{
  "/home/vedant/suspicious_ai/export_model.py": 1774778527.5137877,
  "/home/vedant/suspicious_ai/extract_project.py": 1774778527.5137877,
  "/home/vedant/suspicious_ai/config.py": 1775806896.170418,
  "/home/vedant/suspicious_ai/main.py": 1775798047.107812,
  "/home/vedant/suspicious_ai/test_video.py": 1774895684.6108856,
  "/home/vedant/suspicious_ai/run_export.py": 1774896030.9157214,
  "/home/vedant/suspicious_ai/run_detect.py": 1777140374.665994,
  "/home/vedant/suspicious_ai/behavior/__init__.py": 1774778527.5122283,
  "/home/vedant/suspicious_ai/behavior/abandoned_object.py": 1774778527.513031,
  "/home/vedant/suspicious_ai/behavior/loitering.py": 1774778527.513031,
  "/home/vedant/suspicious_ai/behavior/phone_behavior.py": 1774778527.513031,
  "/home/vedant/suspicious_ai/behavior/phone_usage.py": 1774778527.513031,
  "/home/vedant/suspicious_ai/behavior/scoring.py": 1774778527.513031,
  "/home/vedant/suspicious_ai/behavior/conflict_detection.py": 1775064267.0973933,
  "/home/vedant/suspicious_ai/detection/__init__.py": 1774778527.513031,
  "/home/vedant/suspicious_ai/detection/detector.py": 1774778527.5137877,
  "/home/vedant/suspicious_ai/utils/__init__.py": 1774778527.5137877,
  "/home/vedant/suspicious_ai/utils/audio.py": 1774778527.5142772,
  "/home/vedant/suspicious_ai/utils/event_logger.py": 1774778527.5142772,
  "/home/vedant/suspicious_ai/utils/fps.py": 1774778527.5142772,
  "/home/vedant/suspicious_ai/utils/fps_tracker.py": 1774778527.5142772,
  "/home/vedant/suspicious_ai/utils/geometry.py": 1774778527.5142772,
  "/home/vedant/suspicious_ai/utils/drawing.py": 1775060023.1410322,
  "/home/vedant/suspicious_ai/PROJECT_OVERVIEW.md": 1775069268.8779852,
  "/home/vedant/suspicious_ai/README.md": 1775069268.8419847,
  "/home/vedant/suspicious_ai/plan.txt": 1774778527.5137877,
  "/home/vedant/suspicious_ai/project_extraction.txt": 1775065171.8467777,
  "/home/vedant/suspicious_ai/requirements.txt": 1774778527.5137877,
  "/home/vedant/suspicious_ai/saves/fps_plot.png": 1775807199.445469,
  "/home/vedant/suspicious_ai/assets/alert.mp3": 1774778527.5122283,
  "/home/vedant/suspicious_ai/assets/test.mp4": 1774887548.9376128,
  "/home/vedant/suspicious_ai/saves/processed_video_20260410_113420.mkv": 1775801118.1169755,
  "/home/vedant/suspicious_ai/saves/processed_video_20260410_113746.mkv": 1775801488.0671384,
  "/home/vedant/suspicious_ai/saves/processed_video_20260410_115147.mkv": 1775802617.3670044,
  "/home/vedant/suspicious_ai/saves/processed_video_20260410_120119.mkv": 1775802976.6627936,
  "/home/vedant/suspicious_ai/saves/processed_video_20260410_130120.mkv": 1775806411.1044784,
  "/home/vedant/suspicious_ai/saves/processed_video_20260410_130632.mkv": 1775806688.3473136,
  "/home/vedant/suspicious_ai/saves/processed_video_20260410_130821.mkv": 1775806747.9239185,
  "/home/vedant/suspicious_ai/saves/processed_video_20260410_130936.mkv": 1775806872.4321783,
  "/home/vedant/suspicious_ai/saves/processed_video_20260410_131211.mkv": 1775807119.87767,
  "/home/vedant/suspicious_ai/saves/processed_video_20260410_131525.mkv": 1775807199.450469
}